date,dow,day_status,early_close_et,holiday_name,counted_day
2023-01-01,Sun,sunday,,,True
2023-01-02,Mon,holiday_full_close,,New Year's Day (observed),True
2023-01-03,Tue,regular,,,True
2023-01-04,Wed,regular,,,True
2023-01-05,Thu,regular,,,True
2023-01-06,Fri,regular,,,True
2023-01-07,Sat,saturday,,,False
2023-01-08,Sun,sunday,,,True
2023-01-09,Mon,regular,,,True
2023-01-10,Tue,regular,,,True
2023-01-11,Wed,regular,,,True
2023-01-12,Thu,regular,,,True
2023-01-13,Fri,regular,,,True
2023-01-14,Sat,saturday,,,False
2023-01-15,Sun,sunday,,,True
2023-01-16,Mon,half_day,13:00,Martin Luther King Jr. Day,True
2023-01-17,Tue,regular,,,True
2023-01-18,Wed,regular,,,True
2023-01-19,Thu,regular,,,True
2023-01-20,Fri,regular,,,True
2023-01-21,Sat,saturday,,,False
2023-01-22,Sun,sunday,,,True
2023-01-23,Mon,regular,,,True
2023-01-24,Tue,regular,,,True
2023-01-25,Wed,regular,,,True
2023-01-26,Thu,regular,,,True
2023-01-27,Fri,regular,,,True
2023-01-28,Sat,saturday,,,False
2023-01-29,Sun,sunday,,,True
2023-01-30,Mon,regular,,,True
2023-01-31,Tue,regular,,,True
2023-02-01,Wed,regular,,,True
2023-02-02,Thu,regular,,,True
2023-02-03,Fri,regular,,,True
2023-02-04,Sat,saturday,,,False
2023-02-05,Sun,sunday,,,True
2023-02-06,Mon,regular,,,True
2023-02-07,Tue,regular,,,True
2023-02-08,Wed,regular,,,True
2023-02-09,Thu,regular,,,True
2023-02-10,Fri,regular,,,True
2023-02-11,Sat,saturday,,,False
2023-02-12,Sun,sunday,,,True
2023-02-13,Mon,regular,,,True
2023-02-14,Tue,regular,,,True
2023-02-15,Wed,regular,,,True
2023-02-16,Thu,regular,,,True
2023-02-17,Fri,regular,,,True
2023-02-18,Sat,saturday,,,False
2023-02-19,Sun,sunday,,,True
2023-02-20,Mon,half_day,13:00,Washington's Birthday,True
2023-02-21,Tue,regular,,,True
2023-02-22,Wed,regular,,,True
2023-02-23,Thu,regular,,,True
2023-02-24,Fri,regular,,,True
2023-02-25,Sat,saturday,,,False
2023-02-26,Sun,sunday,,,True
2023-02-27,Mon,regular,,,True
2023-02-28,Tue,regular,,,True
2023-03-01,Wed,regular,,,True
2023-03-02,Thu,regular,,,True
2023-03-03,Fri,regular,,,True
2023-03-04,Sat,saturday,,,False
2023-03-05,Sun,sunday,,,True
2023-03-06,Mon,regular,,,True
2023-03-07,Tue,regular,,,True
2023-03-08,Wed,regular,,,True
2023-03-09,Thu,regular,,,True
2023-03-10,Fri,regular,,,True
2023-03-11,Sat,saturday,,,False
2023-03-12,Sun,sunday,,,True
2023-03-13,Mon,regular,,,True
2023-03-14,Tue,regular,,,True
2023-03-15,Wed,regular,,,True
2023-03-16,Thu,regular,,,True
2023-03-17,Fri,regular,,,True
2023-03-18,Sat,saturday,,,False
2023-03-19,Sun,sunday,,,True
2023-03-20,Mon,regular,,,True
2023-03-21,Tue,regular,,,True
2023-03-22,Wed,regular,,,True
2023-03-23,Thu,regular,,,True
2023-03-24,Fri,regular,,,True
2023-03-25,Sat,saturday,,,False
2023-03-26,Sun,sunday,,,True
2023-03-27,Mon,regular,,,True
2023-03-28,Tue,regular,,,True
2023-03-29,Wed,regular,,,True
2023-03-30,Thu,regular,,,True
2023-03-31,Fri,regular,,,True
2023-04-01,Sat,saturday,,,False
2023-04-02,Sun,sunday,,,True
2023-04-03,Mon,regular,,,True
2023-04-04,Tue,regular,,,True
2023-04-05,Wed,regular,,,True
2023-04-06,Thu,regular,,,True
2023-04-07,Fri,holiday_full_close,,Good Friday,True
2023-04-08,Sat,saturday,,,False
2023-04-09,Sun,sunday,,,True
2023-04-10,Mon,regular,,,True
2023-04-11,Tue,regular,,,True
2023-04-12,Wed,regular,,,True
2023-04-13,Thu,regular,,,True
2023-04-14,Fri,regular,,,True
2023-04-15,Sat,saturday,,,False
2023-04-16,Sun,sunday,,,True
2023-04-17,Mon,regular,,,True
2023-04-18,Tue,regular,,,True
2023-04-19,Wed,regular,,,True
2023-04-20,Thu,regular,,,True
2023-04-21,Fri,regular,,,True
2023-04-22,Sat,saturday,,,False
2023-04-23,Sun,sunday,,,True
2023-04-24,Mon,regular,,,True
2023-04-25,Tue,regular,,,True
2023-04-26,Wed,regular,,,True
2023-04-27,Thu,regular,,,True
2023-04-28,Fri,regular,,,True
2023-04-29,Sat,saturday,,,False
2023-04-30,Sun,sunday,,,True
2023-05-01,Mon,regular,,,True
2023-05-02,Tue,regular,,,True
2023-05-03,Wed,regular,,,True
2023-05-04,Thu,regular,,,True
2023-05-05,Fri,regular,,,True
2023-05-06,Sat,saturday,,,False
2023-05-07,Sun,sunday,,,True
2023-05-08,Mon,regular,,,True
2023-05-09,Tue,regular,,,True
2023-05-10,Wed,regular,,,True
2023-05-11,Thu,regular,,,True
2023-05-12,Fri,regular,,,True
2023-05-13,Sat,saturday,,,False
2023-05-14,Sun,sunday,,,True
2023-05-15,Mon,regular,,,True
2023-05-16,Tue,regular,,,True
2023-05-17,Wed,regular,,,True
2023-05-18,Thu,regular,,,True
2023-05-19,Fri,regular,,,True
2023-05-20,Sat,saturday,,,False
2023-05-21,Sun,sunday,,,True
2023-05-22,Mon,regular,,,True
2023-05-23,Tue,regular,,,True
2023-05-24,Wed,regular,,,True
2023-05-25,Thu,regular,,,True
2023-05-26,Fri,regular,,,True
2023-05-27,Sat,saturday,,,False
2023-05-28,Sun,sunday,,,True
2023-05-29,Mon,half_day,13:00,Memorial Day,True
2023-05-30,Tue,regular,,,True
2023-05-31,Wed,regular,,,True
2023-06-01,Thu,regular,,,True
2023-06-02,Fri,regular,,,True
2023-06-03,Sat,saturday,,,False
2023-06-04,Sun,sunday,,,True
2023-06-05,Mon,regular,,,True
2023-06-06,Tue,regular,,,True
2023-06-07,Wed,regular,,,True
2023-06-08,Thu,regular,,,True
2023-06-09,Fri,regular,,,True
2023-06-10,Sat,saturday,,,False
2023-06-11,Sun,sunday,,,True
2023-06-12,Mon,regular,,,True
2023-06-13,Tue,regular,,,True
2023-06-14,Wed,regular,,,True
2023-06-15,Thu,regular,,,True
2023-06-16,Fri,regular,,,True
2023-06-17,Sat,saturday,,,False
2023-06-18,Sun,sunday,,,True
2023-06-19,Mon,half_day,13:00,Juneteenth,True
2023-06-20,Tue,regular,,,True
2023-06-21,Wed,regular,,,True
2023-06-22,Thu,regular,,,True
2023-06-23,Fri,regular,,,True
2023-06-24,Sat,saturday,,,False
2023-06-25,Sun,sunday,,,True
2023-06-26,Mon,regular,,,True
2023-06-27,Tue,regular,,,True
2023-06-28,Wed,regular,,,True
2023-06-29,Thu,regular,,,True
2023-06-30,Fri,regular,,,True
2023-07-01,Sat,saturday,,,False
2023-07-02,Sun,sunday,,,True
2023-07-03,Mon,half_day,13:15,Day before Independence Day,True
2023-07-04,Tue,holiday_full_close,,Independence Day,True
2023-07-05,Wed,regular,,,True
2023-07-06,Thu,regular,,,True
2023-07-07,Fri,regular,,,True
2023-07-08,Sat,saturday,,,False
2023-07-09,Sun,sunday,,,True
2023-07-10,Mon,regular,,,True
2023-07-11,Tue,regular,,,True
2023-07-12,Wed,regular,,,True
2023-07-13,Thu,regular,,,True
2023-07-14,Fri,regular,,,True
2023-07-15,Sat,saturday,,,False
2023-07-16,Sun,sunday,,,True
2023-07-17,Mon,regular,,,True
2023-07-18,Tue,regular,,,True
2023-07-19,Wed,regular,,,True
2023-07-20,Thu,regular,,,True
2023-07-21,Fri,regular,,,True
2023-07-22,Sat,saturday,,,False
2023-07-23,Sun,sunday,,,True
2023-07-24,Mon,regular,,,True
2023-07-25,Tue,regular,,,True
2023-07-26,Wed,regular,,,True
2023-07-27,Thu,regular,,,True
2023-07-28,Fri,regular,,,True
2023-07-29,Sat,saturday,,,False
2023-07-30,Sun,sunday,,,True
2023-07-31,Mon,regular,,,True
2023-08-01,Tue,regular,,,True
2023-08-02,Wed,regular,,,True
2023-08-03,Thu,regular,,,True
2023-08-04,Fri,regular,,,True
2023-08-05,Sat,saturday,,,False
2023-08-06,Sun,sunday,,,True
2023-08-07,Mon,regular,,,True
2023-08-08,Tue,regular,,,True
2023-08-09,Wed,regular,,,True
2023-08-10,Thu,regular,,,True
2023-08-11,Fri,regular,,,True
2023-08-12,Sat,saturday,,,False
2023-08-13,Sun,sunday,,,True
2023-08-14,Mon,regular,,,True
2023-08-15,Tue,regular,,,True
2023-08-16,Wed,regular,,,True
2023-08-17,Thu,regular,,,True
2023-08-18,Fri,regular,,,True
2023-08-19,Sat,saturday,,,False
2023-08-20,Sun,sunday,,,True
2023-08-21,Mon,regular,,,True
2023-08-22,Tue,regular,,,True
2023-08-23,Wed,regular,,,True
2023-08-24,Thu,regular,,,True
2023-08-25,Fri,regular,,,True
2023-08-26,Sat,saturday,,,False
2023-08-27,Sun,sunday,,,True
2023-08-28,Mon,regular,,,True
2023-08-29,Tue,regular,,,True
2023-08-30,Wed,regular,,,True
2023-08-31,Thu,regular,,,True
2023-09-01,Fri,regular,,,True
2023-09-02,Sat,saturday,,,False
2023-09-03,Sun,sunday,,,True
2023-09-04,Mon,half_day,13:00,Labor Day,True
2023-09-05,Tue,regular,,,True
2023-09-06,Wed,regular,,,True
2023-09-07,Thu,regular,,,True
2023-09-08,Fri,regular,,,True
2023-09-09,Sat,saturday,,,False
2023-09-10,Sun,sunday,,,True
2023-09-11,Mon,regular,,,True
2023-09-12,Tue,regular,,,True
2023-09-13,Wed,regular,,,True
2023-09-14,Thu,regular,,,True
2023-09-15,Fri,regular,,,True
2023-09-16,Sat,saturday,,,False
2023-09-17,Sun,sunday,,,True
2023-09-18,Mon,regular,,,True
2023-09-19,Tue,regular,,,True
2023-09-20,Wed,regular,,,True
2023-09-21,Thu,regular,,,True
2023-09-22,Fri,regular,,,True
2023-09-23,Sat,saturday,,,False
2023-09-24,Sun,sunday,,,True
2023-09-25,Mon,regular,,,True
2023-09-26,Tue,regular,,,True
2023-09-27,Wed,regular,,,True
2023-09-28,Thu,regular,,,True
2023-09-29,Fri,regular,,,True
2023-09-30,Sat,saturday,,,False
2023-10-01,Sun,sunday,,,True
2023-10-02,Mon,regular,,,True
2023-10-03,Tue,regular,,,True
2023-10-04,Wed,regular,,,True
2023-10-05,Thu,regular,,,True
2023-10-06,Fri,regular,,,True
2023-10-07,Sat,saturday,,,False
2023-10-08,Sun,sunday,,,True
2023-10-09,Mon,regular,,,True
2023-10-10,Tue,regular,,,True
2023-10-11,Wed,regular,,,True
2023-10-12,Thu,regular,,,True
2023-10-13,Fri,regular,,,True
2023-10-14,Sat,saturday,,,False
2023-10-15,Sun,sunday,,,True
2023-10-16,Mon,regular,,,True
2023-10-17,Tue,regular,,,True
2023-10-18,Wed,regular,,,True
2023-10-19,Thu,regular,,,True
2023-10-20,Fri,regular,,,True
2023-10-21,Sat,saturday,,,False
2023-10-22,Sun,sunday,,,True
2023-10-23,Mon,regular,,,True
2023-10-24,Tue,regular,,,True
2023-10-25,Wed,regular,,,True
2023-10-26,Thu,regular,,,True
2023-10-27,Fri,regular,,,True
2023-10-28,Sat,saturday,,,False
2023-10-29,Sun,sunday,,,True
2023-10-30,Mon,regular,,,True
2023-10-31,Tue,regular,,,True
2023-11-01,Wed,regular,,,True
2023-11-02,Thu,regular,,,True
2023-11-03,Fri,regular,,,True
2023-11-04,Sat,saturday,,,False
2023-11-05,Sun,sunday,,,True
2023-11-06,Mon,regular,,,True
2023-11-07,Tue,regular,,,True
2023-11-08,Wed,regular,,,True
2023-11-09,Thu,regular,,,True
2023-11-10,Fri,regular,,,True
2023-11-11,Sat,saturday,,,False
2023-11-12,Sun,sunday,,,True
2023-11-13,Mon,regular,,,True
2023-11-14,Tue,regular,,,True
2023-11-15,Wed,regular,,,True
2023-11-16,Thu,regular,,,True
2023-11-17,Fri,regular,,,True
2023-11-18,Sat,saturday,,,False
2023-11-19,Sun,sunday,,,True
2023-11-20,Mon,regular,,,True
2023-11-21,Tue,regular,,,True
2023-11-22,Wed,regular,,,True
2023-11-23,Thu,half_day,13:00,Thanksgiving Day,True
2023-11-24,Fri,half_day,13:15,Day after Thanksgiving,True
2023-11-25,Sat,saturday,,,False
2023-11-26,Sun,sunday,,,True
2023-11-27,Mon,regular,,,True
2023-11-28,Tue,regular,,,True
2023-11-29,Wed,regular,,,True
2023-11-30,Thu,regular,,,True
2023-12-01,Fri,regular,,,True
2023-12-02,Sat,saturday,,,False
2023-12-03,Sun,sunday,,,True
2023-12-04,Mon,regular,,,True
2023-12-05,Tue,regular,,,True
2023-12-06,Wed,regular,,,True
2023-12-07,Thu,regular,,,True
2023-12-08,Fri,regular,,,True
2023-12-09,Sat,saturday,,,False
2023-12-10,Sun,sunday,,,True
2023-12-11,Mon,regular,,,True
2023-12-12,Tue,regular,,,True
2023-12-13,Wed,regular,,,True
2023-12-14,Thu,regular,,,True
2023-12-15,Fri,regular,,,True
2023-12-16,Sat,saturday,,,False
2023-12-17,Sun,sunday,,,True
2023-12-18,Mon,regular,,,True
2023-12-19,Tue,regular,,,True
2023-12-20,Wed,regular,,,True
2023-12-21,Thu,regular,,,True
2023-12-22,Fri,regular,,,True
2023-12-23,Sat,saturday,,,False
2023-12-24,Sun,sunday,,,True
2023-12-25,Mon,holiday_full_close,,Christmas Day,True
2023-12-26,Tue,regular,,,True
2023-12-27,Wed,regular,,,True
2023-12-28,Thu,regular,,,True
2023-12-29,Fri,regular,,,True
2023-12-30,Sat,saturday,,,False
2023-12-31,Sun,sunday,,,True
2024-01-01,Mon,holiday_full_close,,New Year's Day,True
2024-01-02,Tue,regular,,,True
2024-01-03,Wed,regular,,,True
2024-01-04,Thu,regular,,,True
2024-01-05,Fri,regular,,,True
2024-01-06,Sat,saturday,,,False
2024-01-07,Sun,sunday,,,True
2024-01-08,Mon,regular,,,True
2024-01-09,Tue,regular,,,True
2024-01-10,Wed,regular,,,True
2024-01-11,Thu,regular,,,True
2024-01-12,Fri,regular,,,True
2024-01-13,Sat,saturday,,,False
2024-01-14,Sun,sunday,,,True
2024-01-15,Mon,half_day,13:00,Martin Luther King Jr. Day,True
2024-01-16,Tue,regular,,,True
2024-01-17,Wed,regular,,,True
2024-01-18,Thu,regular,,,True
2024-01-19,Fri,regular,,,True
2024-01-20,Sat,saturday,,,False
2024-01-21,Sun,sunday,,,True
2024-01-22,Mon,regular,,,True
2024-01-23,Tue,regular,,,True
2024-01-24,Wed,regular,,,True
2024-01-25,Thu,regular,,,True
2024-01-26,Fri,regular,,,True
2024-01-27,Sat,saturday,,,False
2024-01-28,Sun,sunday,,,True
2024-01-29,Mon,regular,,,True
2024-01-30,Tue,regular,,,True
2024-01-31,Wed,regular,,,True
2024-02-01,Thu,regular,,,True
2024-02-02,Fri,regular,,,True
2024-02-03,Sat,saturday,,,False
2024-02-04,Sun,sunday,,,True
2024-02-05,Mon,regular,,,True
2024-02-06,Tue,regular,,,True
2024-02-07,Wed,regular,,,True
2024-02-08,Thu,regular,,,True
2024-02-09,Fri,regular,,,True
2024-02-10,Sat,saturday,,,False
2024-02-11,Sun,sunday,,,True
2024-02-12,Mon,regular,,,True
2024-02-13,Tue,regular,,,True
2024-02-14,Wed,regular,,,True
2024-02-15,Thu,regular,,,True
2024-02-16,Fri,regular,,,True
2024-02-17,Sat,saturday,,,False
2024-02-18,Sun,sunday,,,True
2024-02-19,Mon,half_day,13:00,Washington's Birthday,True
2024-02-20,Tue,regular,,,True
2024-02-21,Wed,regular,,,True
2024-02-22,Thu,regular,,,True
2024-02-23,Fri,regular,,,True
2024-02-24,Sat,saturday,,,False
2024-02-25,Sun,sunday,,,True
2024-02-26,Mon,regular,,,True
2024-02-27,Tue,regular,,,True
2024-02-28,Wed,regular,,,True
2024-02-29,Thu,regular,,,True
2024-03-01,Fri,regular,,,True
2024-03-02,Sat,saturday,,,False
2024-03-03,Sun,sunday,,,True
2024-03-04,Mon,regular,,,True
2024-03-05,Tue,regular,,,True
2024-03-06,Wed,regular,,,True
2024-03-07,Thu,regular,,,True
2024-03-08,Fri,regular,,,True
2024-03-09,Sat,saturday,,,False
2024-03-10,Sun,sunday,,,True
2024-03-11,Mon,regular,,,True
2024-03-12,Tue,regular,,,True
2024-03-13,Wed,regular,,,True
2024-03-14,Thu,regular,,,True
2024-03-15,Fri,regular,,,True
2024-03-16,Sat,saturday,,,False
2024-03-17,Sun,sunday,,,True
2024-03-18,Mon,regular,,,True
2024-03-19,Tue,regular,,,True
2024-03-20,Wed,regular,,,True
2024-03-21,Thu,regular,,,True
2024-03-22,Fri,regular,,,True
2024-03-23,Sat,saturday,,,False
2024-03-24,Sun,sunday,,,True
2024-03-25,Mon,regular,,,True
2024-03-26,Tue,regular,,,True
2024-03-27,Wed,regular,,,True
2024-03-28,Thu,regular,,,True
2024-03-29,Fri,holiday_full_close,,Good Friday,True
2024-03-30,Sat,saturday,,,False
2024-03-31,Sun,sunday,,,True
2024-04-01,Mon,regular,,,True
2024-04-02,Tue,regular,,,True
2024-04-03,Wed,regular,,,True
2024-04-04,Thu,regular,,,True
2024-04-05,Fri,regular,,,True
2024-04-06,Sat,saturday,,,False
2024-04-07,Sun,sunday,,,True
2024-04-08,Mon,regular,,,True
2024-04-09,Tue,regular,,,True
2024-04-10,Wed,regular,,,True
2024-04-11,Thu,regular,,,True
2024-04-12,Fri,regular,,,True
2024-04-13,Sat,saturday,,,False
2024-04-14,Sun,sunday,,,True
2024-04-15,Mon,regular,,,True
2024-04-16,Tue,regular,,,True
2024-04-17,Wed,regular,,,True
2024-04-18,Thu,regular,,,True
2024-04-19,Fri,regular,,,True
2024-04-20,Sat,saturday,,,False
2024-04-21,Sun,sunday,,,True
2024-04-22,Mon,regular,,,True
2024-04-23,Tue,regular,,,True
2024-04-24,Wed,regular,,,True
2024-04-25,Thu,regular,,,True
2024-04-26,Fri,regular,,,True
2024-04-27,Sat,saturday,,,False
2024-04-28,Sun,sunday,,,True
2024-04-29,Mon,regular,,,True
2024-04-30,Tue,regular,,,True
2024-05-01,Wed,regular,,,True
2024-05-02,Thu,regular,,,True
2024-05-03,Fri,regular,,,True
2024-05-04,Sat,saturday,,,False
2024-05-05,Sun,sunday,,,True
2024-05-06,Mon,regular,,,True
2024-05-07,Tue,regular,,,True
2024-05-08,Wed,regular,,,True
2024-05-09,Thu,regular,,,True
2024-05-10,Fri,regular,,,True
2024-05-11,Sat,saturday,,,False
2024-05-12,Sun,sunday,,,True
2024-05-13,Mon,regular,,,True
2024-05-14,Tue,regular,,,True
2024-05-15,Wed,regular,,,True
2024-05-16,Thu,regular,,,True
2024-05-17,Fri,regular,,,True
2024-05-18,Sat,saturday,,,False
2024-05-19,Sun,sunday,,,True
2024-05-20,Mon,regular,,,True
2024-05-21,Tue,regular,,,True
2024-05-22,Wed,regular,,,True
2024-05-23,Thu,regular,,,True
2024-05-24,Fri,regular,,,True
2024-05-25,Sat,saturday,,,False
2024-05-26,Sun,sunday,,,True
2024-05-27,Mon,half_day,13:00,Memorial Day,True
2024-05-28,Tue,regular,,,True
2024-05-29,Wed,regular,,,True
2024-05-30,Thu,regular,,,True
2024-05-31,Fri,regular,,,True
2024-06-01,Sat,saturday,,,False
2024-06-02,Sun,sunday,,,True
2024-06-03,Mon,regular,,,True
2024-06-04,Tue,regular,,,True
2024-06-05,Wed,regular,,,True
2024-06-06,Thu,regular,,,True
2024-06-07,Fri,regular,,,True
2024-06-08,Sat,saturday,,,False
2024-06-09,Sun,sunday,,,True
2024-06-10,Mon,regular,,,True
2024-06-11,Tue,regular,,,True
2024-06-12,Wed,regular,,,True
2024-06-13,Thu,regular,,,True
2024-06-14,Fri,regular,,,True
2024-06-15,Sat,saturday,,,False
2024-06-16,Sun,sunday,,,True
2024-06-17,Mon,regular,,,True
2024-06-18,Tue,regular,,,True
2024-06-19,Wed,half_day,13:00,Juneteenth,True
2024-06-20,Thu,regular,,,True
2024-06-21,Fri,regular,,,True
2024-06-22,Sat,saturday,,,False
2024-06-23,Sun,sunday,,,True
2024-06-24,Mon,regular,,,True
2024-06-25,Tue,regular,,,True
2024-06-26,Wed,regular,,,True
2024-06-27,Thu,regular,,,True
2024-06-28,Fri,regular,,,True
2024-06-29,Sat,saturday,,,False
2024-06-30,Sun,sunday,,,True
2024-07-01,Mon,regular,,,True
2024-07-02,Tue,regular,,,True
2024-07-03,Wed,half_day,13:15,Day before Independence Day,True
2024-07-04,Thu,holiday_full_close,,Independence Day,True
2024-07-05,Fri,regular,,,True
2024-07-06,Sat,saturday,,,False
2024-07-07,Sun,sunday,,,True
2024-07-08,Mon,regular,,,True
2024-07-09,Tue,regular,,,True
2024-07-10,Wed,regular,,,True
2024-07-11,Thu,regular,,,True
2024-07-12,Fri,regular,,,True
2024-07-13,Sat,saturday,,,False
2024-07-14,Sun,sunday,,,True
2024-07-15,Mon,regular,,,True
2024-07-16,Tue,regular,,,True
2024-07-17,Wed,regular,,,True
2024-07-18,Thu,regular,,,True
2024-07-19,Fri,regular,,,True
2024-07-20,Sat,saturday,,,False
2024-07-21,Sun,sunday,,,True
2024-07-22,Mon,regular,,,True
2024-07-23,Tue,regular,,,True
2024-07-24,Wed,regular,,,True
2024-07-25,Thu,regular,,,True
2024-07-26,Fri,regular,,,True
2024-07-27,Sat,saturday,,,False
2024-07-28,Sun,sunday,,,True
2024-07-29,Mon,regular,,,True
2024-07-30,Tue,regular,,,True
2024-07-31,Wed,regular,,,True
2024-08-01,Thu,regular,,,True
2024-08-02,Fri,regular,,,True
2024-08-03,Sat,saturday,,,False
2024-08-04,Sun,sunday,,,True
2024-08-05,Mon,regular,,,True
2024-08-06,Tue,regular,,,True
2024-08-07,Wed,regular,,,True
2024-08-08,Thu,regular,,,True
2024-08-09,Fri,regular,,,True
2024-08-10,Sat,saturday,,,False
2024-08-11,Sun,sunday,,,True
2024-08-12,Mon,regular,,,True
2024-08-13,Tue,regular,,,True
2024-08-14,Wed,regular,,,True
2024-08-15,Thu,regular,,,True
2024-08-16,Fri,regular,,,True
2024-08-17,Sat,saturday,,,False
2024-08-18,Sun,sunday,,,True
2024-08-19,Mon,regular,,,True
2024-08-20,Tue,regular,,,True
2024-08-21,Wed,regular,,,True
2024-08-22,Thu,regular,,,True
2024-08-23,Fri,regular,,,True
2024-08-24,Sat,saturday,,,False
2024-08-25,Sun,sunday,,,True
2024-08-26,Mon,regular,,,True
2024-08-27,Tue,regular,,,True
2024-08-28,Wed,regular,,,True
2024-08-29,Thu,regular,,,True
2024-08-30,Fri,regular,,,True
2024-08-31,Sat,saturday,,,False
2024-09-01,Sun,sunday,,,True
2024-09-02,Mon,half_day,13:00,Labor Day,True
2024-09-03,Tue,regular,,,True
2024-09-04,Wed,regular,,,True
2024-09-05,Thu,regular,,,True
2024-09-06,Fri,regular,,,True
2024-09-07,Sat,saturday,,,False
2024-09-08,Sun,sunday,,,True
2024-09-09,Mon,regular,,,True
2024-09-10,Tue,regular,,,True
2024-09-11,Wed,regular,,,True
2024-09-12,Thu,regular,,,True
2024-09-13,Fri,regular,,,True
2024-09-14,Sat,saturday,,,False
2024-09-15,Sun,sunday,,,True
2024-09-16,Mon,regular,,,True
2024-09-17,Tue,regular,,,True
2024-09-18,Wed,regular,,,True
2024-09-19,Thu,regular,,,True
2024-09-20,Fri,regular,,,True
2024-09-21,Sat,saturday,,,False
2024-09-22,Sun,sunday,,,True
2024-09-23,Mon,regular,,,True
2024-09-24,Tue,regular,,,True
2024-09-25,Wed,regular,,,True
2024-09-26,Thu,regular,,,True
2024-09-27,Fri,regular,,,True
2024-09-28,Sat,saturday,,,False
2024-09-29,Sun,sunday,,,True
2024-09-30,Mon,regular,,,True
2024-10-01,Tue,regular,,,True
2024-10-02,Wed,regular,,,True
2024-10-03,Thu,regular,,,True
2024-10-04,Fri,regular,,,True
2024-10-05,Sat,saturday,,,False
2024-10-06,Sun,sunday,,,True
2024-10-07,Mon,regular,,,True
2024-10-08,Tue,regular,,,True
2024-10-09,Wed,regular,,,True
2024-10-10,Thu,regular,,,True
2024-10-11,Fri,regular,,,True
2024-10-12,Sat,saturday,,,False
2024-10-13,Sun,sunday,,,True
2024-10-14,Mon,regular,,,True
2024-10-15,Tue,regular,,,True
2024-10-16,Wed,regular,,,True
2024-10-17,Thu,regular,,,True
2024-10-18,Fri,regular,,,True
2024-10-19,Sat,saturday,,,False
2024-10-20,Sun,sunday,,,True
2024-10-21,Mon,regular,,,True
2024-10-22,Tue,regular,,,True
2024-10-23,Wed,regular,,,True
2024-10-24,Thu,regular,,,True
2024-10-25,Fri,regular,,,True
2024-10-26,Sat,saturday,,,False
2024-10-27,Sun,sunday,,,True
2024-10-28,Mon,regular,,,True
2024-10-29,Tue,regular,,,True
2024-10-30,Wed,regular,,,True
2024-10-31,Thu,regular,,,True
2024-11-01,Fri,regular,,,True
2024-11-02,Sat,saturday,,,False
2024-11-03,Sun,sunday,,,True
2024-11-04,Mon,regular,,,True
2024-11-05,Tue,regular,,,True
2024-11-06,Wed,regular,,,True
2024-11-07,Thu,regular,,,True
2024-11-08,Fri,regular,,,True
2024-11-09,Sat,saturday,,,False
2024-11-10,Sun,sunday,,,True
2024-11-11,Mon,regular,,,True
2024-11-12,Tue,regular,,,True
2024-11-13,Wed,regular,,,True
2024-11-14,Thu,regular,,,True
2024-11-15,Fri,regular,,,True
2024-11-16,Sat,saturday,,,False
2024-11-17,Sun,sunday,,,True
2024-11-18,Mon,regular,,,True
2024-11-19,Tue,regular,,,True
2024-11-20,Wed,regular,,,True
2024-11-21,Thu,regular,,,True
2024-11-22,Fri,regular,,,True
2024-11-23,Sat,saturday,,,False
2024-11-24,Sun,sunday,,,True
2024-11-25,Mon,regular,,,True
2024-11-26,Tue,regular,,,True
2024-11-27,Wed,regular,,,True
2024-11-28,Thu,half_day,13:00,Thanksgiving Day,True
2024-11-29,Fri,half_day,13:15,Day after Thanksgiving,True
2024-11-30,Sat,saturday,,,False
2024-12-01,Sun,sunday,,,True
2024-12-02,Mon,regular,,,True
2024-12-03,Tue,regular,,,True
2024-12-04,Wed,regular,,,True
2024-12-05,Thu,regular,,,True
2024-12-06,Fri,regular,,,True
2024-12-07,Sat,saturday,,,False
2024-12-08,Sun,sunday,,,True
2024-12-09,Mon,regular,,,True
2024-12-10,Tue,regular,,,True
2024-12-11,Wed,regular,,,True
2024-12-12,Thu,regular,,,True
2024-12-13,Fri,regular,,,True
2024-12-14,Sat,saturday,,,False
2024-12-15,Sun,sunday,,,True
2024-12-16,Mon,regular,,,True
2024-12-17,Tue,regular,,,True
2024-12-18,Wed,regular,,,True
2024-12-19,Thu,regular,,,True
2024-12-20,Fri,regular,,,True
2024-12-21,Sat,saturday,,,False
2024-12-22,Sun,sunday,,,True
2024-12-23,Mon,regular,,,True
2024-12-24,Tue,half_day,13:15,Christmas Eve,True
2024-12-25,Wed,holiday_full_close,,Christmas Day,True
2024-12-26,Thu,regular,,,True
2024-12-27,Fri,regular,,,True
2024-12-28,Sat,saturday,,,False
2024-12-29,Sun,sunday,,,True
2024-12-30,Mon,regular,,,True
2024-12-31,Tue,regular,,,True
2025-01-01,Wed,holiday_full_close,,New Year's Day,True
2025-01-02,Thu,regular,,,True
2025-01-03,Fri,regular,,,True
2025-01-04,Sat,saturday,,,False
2025-01-05,Sun,sunday,,,True
2025-01-06,Mon,regular,,,True
2025-01-07,Tue,regular,,,True
2025-01-08,Wed,regular,,,True
2025-01-09,Thu,holiday_special,09:30,National Day of Mourning (J. Carter),True
2025-01-10,Fri,regular,,,True
2025-01-11,Sat,saturday,,,False
2025-01-12,Sun,sunday,,,True
2025-01-13,Mon,regular,,,True
2025-01-14,Tue,regular,,,True
2025-01-15,Wed,regular,,,True
2025-01-16,Thu,regular,,,True
2025-01-17,Fri,regular,,,True
2025-01-18,Sat,saturday,,,False
2025-01-19,Sun,sunday,,,True
2025-01-20,Mon,half_day,13:00,Martin Luther King Jr. Day,True
2025-01-21,Tue,regular,,,True
2025-01-22,Wed,regular,,,True
2025-01-23,Thu,regular,,,True
2025-01-24,Fri,regular,,,True
2025-01-25,Sat,saturday,,,False
2025-01-26,Sun,sunday,,,True
2025-01-27,Mon,regular,,,True
2025-01-28,Tue,regular,,,True
2025-01-29,Wed,regular,,,True
2025-01-30,Thu,regular,,,True
2025-01-31,Fri,regular,,,True
2025-02-01,Sat,saturday,,,False
2025-02-02,Sun,sunday,,,True
2025-02-03,Mon,regular,,,True
2025-02-04,Tue,regular,,,True
2025-02-05,Wed,regular,,,True
2025-02-06,Thu,regular,,,True
2025-02-07,Fri,regular,,,True
2025-02-08,Sat,saturday,,,False
2025-02-09,Sun,sunday,,,True
2025-02-10,Mon,regular,,,True
2025-02-11,Tue,regular,,,True
2025-02-12,Wed,regular,,,True
2025-02-13,Thu,regular,,,True
2025-02-14,Fri,regular,,,True
2025-02-15,Sat,saturday,,,False
2025-02-16,Sun,sunday,,,True
2025-02-17,Mon,half_day,13:00,Washington's Birthday,True
2025-02-18,Tue,regular,,,True
2025-02-19,Wed,regular,,,True
2025-02-20,Thu,regular,,,True
2025-02-21,Fri,regular,,,True
2025-02-22,Sat,saturday,,,False
2025-02-23,Sun,sunday,,,True
2025-02-24,Mon,regular,,,True
2025-02-25,Tue,regular,,,True
2025-02-26,Wed,regular,,,True
2025-02-27,Thu,regular,,,True
2025-02-28,Fri,regular,,,True
2025-03-01,Sat,saturday,,,False
2025-03-02,Sun,sunday,,,True
2025-03-03,Mon,regular,,,True
2025-03-04,Tue,regular,,,True
2025-03-05,Wed,regular,,,True
2025-03-06,Thu,regular,,,True
2025-03-07,Fri,regular,,,True
2025-03-08,Sat,saturday,,,False
2025-03-09,Sun,sunday,,,True
2025-03-10,Mon,regular,,,True
2025-03-11,Tue,regular,,,True
2025-03-12,Wed,regular,,,True
2025-03-13,Thu,regular,,,True
2025-03-14,Fri,regular,,,True
2025-03-15,Sat,saturday,,,False
2025-03-16,Sun,sunday,,,True
2025-03-17,Mon,regular,,,True
2025-03-18,Tue,regular,,,True
2025-03-19,Wed,regular,,,True
2025-03-20,Thu,regular,,,True
2025-03-21,Fri,regular,,,True
2025-03-22,Sat,saturday,,,False
2025-03-23,Sun,sunday,,,True
2025-03-24,Mon,regular,,,True
2025-03-25,Tue,regular,,,True
2025-03-26,Wed,regular,,,True
2025-03-27,Thu,regular,,,True
2025-03-28,Fri,regular,,,True
2025-03-29,Sat,saturday,,,False
2025-03-30,Sun,sunday,,,True
2025-03-31,Mon,regular,,,True
2025-04-01,Tue,regular,,,True
2025-04-02,Wed,regular,,,True
2025-04-03,Thu,regular,,,True
2025-04-04,Fri,regular,,,True
2025-04-05,Sat,saturday,,,False
2025-04-06,Sun,sunday,,,True
2025-04-07,Mon,regular,,,True
2025-04-08,Tue,regular,,,True
2025-04-09,Wed,regular,,,True
2025-04-10,Thu,regular,,,True
2025-04-11,Fri,regular,,,True
2025-04-12,Sat,saturday,,,False
2025-04-13,Sun,sunday,,,True
2025-04-14,Mon,regular,,,True
2025-04-15,Tue,regular,,,True
2025-04-16,Wed,regular,,,True
2025-04-17,Thu,regular,,,True
2025-04-18,Fri,holiday_full_close,,Good Friday,True
2025-04-19,Sat,saturday,,,False
2025-04-20,Sun,sunday,,,True
2025-04-21,Mon,regular,,,True
2025-04-22,Tue,regular,,,True
2025-04-23,Wed,regular,,,True
2025-04-24,Thu,regular,,,True
2025-04-25,Fri,regular,,,True
2025-04-26,Sat,saturday,,,False
2025-04-27,Sun,sunday,,,True
2025-04-28,Mon,regular,,,True
2025-04-29,Tue,regular,,,True
2025-04-30,Wed,regular,,,True
2025-05-01,Thu,regular,,,True
2025-05-02,Fri,regular,,,True
2025-05-03,Sat,saturday,,,False
2025-05-04,Sun,sunday,,,True
2025-05-05,Mon,regular,,,True
2025-05-06,Tue,regular,,,True
2025-05-07,Wed,regular,,,True
2025-05-08,Thu,regular,,,True
2025-05-09,Fri,regular,,,True
2025-05-10,Sat,saturday,,,False
2025-05-11,Sun,sunday,,,True
2025-05-12,Mon,regular,,,True
2025-05-13,Tue,regular,,,True
2025-05-14,Wed,regular,,,True
2025-05-15,Thu,regular,,,True
2025-05-16,Fri,regular,,,True
2025-05-17,Sat,saturday,,,False
2025-05-18,Sun,sunday,,,True
2025-05-19,Mon,regular,,,True
2025-05-20,Tue,regular,,,True
2025-05-21,Wed,regular,,,True
2025-05-22,Thu,regular,,,True
2025-05-23,Fri,regular,,,True
2025-05-24,Sat,saturday,,,False
2025-05-25,Sun,sunday,,,True
2025-05-26,Mon,half_day,13:00,Memorial Day,True
2025-05-27,Tue,regular,,,True
2025-05-28,Wed,regular,,,True
2025-05-29,Thu,regular,,,True
2025-05-30,Fri,regular,,,True
2025-05-31,Sat,saturday,,,False
2025-06-01,Sun,sunday,,,True
2025-06-02,Mon,regular,,,True
2025-06-03,Tue,regular,,,True
2025-06-04,Wed,regular,,,True
2025-06-05,Thu,regular,,,True
2025-06-06,Fri,regular,,,True
2025-06-07,Sat,saturday,,,False
2025-06-08,Sun,sunday,,,True
2025-06-09,Mon,regular,,,True
2025-06-10,Tue,regular,,,True
2025-06-11,Wed,regular,,,True
2025-06-12,Thu,regular,,,True
2025-06-13,Fri,regular,,,True
2025-06-14,Sat,saturday,,,False
2025-06-15,Sun,sunday,,,True
2025-06-16,Mon,regular,,,True
2025-06-17,Tue,regular,,,True
2025-06-18,Wed,regular,,,True
2025-06-19,Thu,half_day,13:00,Juneteenth,True
2025-06-20,Fri,regular,,,True
2025-06-21,Sat,saturday,,,False
2025-06-22,Sun,sunday,,,True
2025-06-23,Mon,regular,,,True
2025-06-24,Tue,regular,,,True
2025-06-25,Wed,regular,,,True
2025-06-26,Thu,regular,,,True
2025-06-27,Fri,regular,,,True
2025-06-28,Sat,saturday,,,False
2025-06-29,Sun,sunday,,,True
2025-06-30,Mon,regular,,,True
2025-07-01,Tue,regular,,,True
2025-07-02,Wed,regular,,,True
2025-07-03,Thu,half_day,13:15,Day before Independence Day,True
2025-07-04,Fri,holiday_full_close,,Independence Day,True
2025-07-05,Sat,saturday,,,False
2025-07-06,Sun,sunday,,,True
2025-07-07,Mon,regular,,,True
2025-07-08,Tue,regular,,,True
2025-07-09,Wed,regular,,,True
2025-07-10,Thu,regular,,,True
2025-07-11,Fri,regular,,,True
2025-07-12,Sat,saturday,,,False
2025-07-13,Sun,sunday,,,True
2025-07-14,Mon,regular,,,True
2025-07-15,Tue,regular,,,True
2025-07-16,Wed,regular,,,True
2025-07-17,Thu,regular,,,True
2025-07-18,Fri,regular,,,True
2025-07-19,Sat,saturday,,,False
2025-07-20,Sun,sunday,,,True
2025-07-21,Mon,regular,,,True
2025-07-22,Tue,regular,,,True
2025-07-23,Wed,regular,,,True
2025-07-24,Thu,regular,,,True
2025-07-25,Fri,regular,,,True
2025-07-26,Sat,saturday,,,False
2025-07-27,Sun,sunday,,,True
2025-07-28,Mon,regular,,,True
2025-07-29,Tue,regular,,,True
2025-07-30,Wed,regular,,,True
2025-07-31,Thu,regular,,,True
2025-08-01,Fri,regular,,,True
2025-08-02,Sat,saturday,,,False
2025-08-03,Sun,sunday,,,True
2025-08-04,Mon,regular,,,True
2025-08-05,Tue,regular,,,True
2025-08-06,Wed,regular,,,True
2025-08-07,Thu,regular,,,True
2025-08-08,Fri,regular,,,True
2025-08-09,Sat,saturday,,,False
2025-08-10,Sun,sunday,,,True
2025-08-11,Mon,regular,,,True
2025-08-12,Tue,regular,,,True
2025-08-13,Wed,regular,,,True
2025-08-14,Thu,regular,,,True
2025-08-15,Fri,regular,,,True
2025-08-16,Sat,saturday,,,False
2025-08-17,Sun,sunday,,,True
2025-08-18,Mon,regular,,,True
2025-08-19,Tue,regular,,,True
2025-08-20,Wed,regular,,,True
2025-08-21,Thu,regular,,,True
2025-08-22,Fri,regular,,,True
2025-08-23,Sat,saturday,,,False
2025-08-24,Sun,sunday,,,True
2025-08-25,Mon,regular,,,True
2025-08-26,Tue,regular,,,True
2025-08-27,Wed,regular,,,True
2025-08-28,Thu,regular,,,True
2025-08-29,Fri,regular,,,True
2025-08-30,Sat,saturday,,,False
2025-08-31,Sun,sunday,,,True
2025-09-01,Mon,half_day,13:00,Labor Day,True
2025-09-02,Tue,regular,,,True
2025-09-03,Wed,regular,,,True
2025-09-04,Thu,regular,,,True
2025-09-05,Fri,regular,,,True
2025-09-06,Sat,saturday,,,False
2025-09-07,Sun,sunday,,,True
2025-09-08,Mon,regular,,,True
2025-09-09,Tue,regular,,,True
2025-09-10,Wed,regular,,,True
2025-09-11,Thu,regular,,,True
2025-09-12,Fri,regular,,,True
2025-09-13,Sat,saturday,,,False
2025-09-14,Sun,sunday,,,True
2025-09-15,Mon,regular,,,True
2025-09-16,Tue,regular,,,True
2025-09-17,Wed,regular,,,True
2025-09-18,Thu,regular,,,True
2025-09-19,Fri,regular,,,True
2025-09-20,Sat,saturday,,,False
2025-09-21,Sun,sunday,,,True
2025-09-22,Mon,regular,,,True
2025-09-23,Tue,regular,,,True
2025-09-24,Wed,regular,,,True
2025-09-25,Thu,regular,,,True
2025-09-26,Fri,regular,,,True
2025-09-27,Sat,saturday,,,False
2025-09-28,Sun,sunday,,,True
2025-09-29,Mon,regular,,,True
2025-09-30,Tue,regular,,,True
2025-10-01,Wed,regular,,,True
2025-10-02,Thu,regular,,,True
2025-10-03,Fri,regular,,,True
2025-10-04,Sat,saturday,,,False
2025-10-05,Sun,sunday,,,True
2025-10-06,Mon,regular,,,True
2025-10-07,Tue,regular,,,True
2025-10-08,Wed,regular,,,True
2025-10-09,Thu,regular,,,True
2025-10-10,Fri,regular,,,True
2025-10-11,Sat,saturday,,,False
2025-10-12,Sun,sunday,,,True
2025-10-13,Mon,regular,,,True
2025-10-14,Tue,regular,,,True
2025-10-15,Wed,regular,,,True
2025-10-16,Thu,regular,,,True
2025-10-17,Fri,regular,,,True
2025-10-18,Sat,saturday,,,False
2025-10-19,Sun,sunday,,,True
2025-10-20,Mon,regular,,,True
2025-10-21,Tue,regular,,,True
2025-10-22,Wed,regular,,,True
2025-10-23,Thu,regular,,,True
2025-10-24,Fri,regular,,,True
2025-10-25,Sat,saturday,,,False
2025-10-26,Sun,sunday,,,True
2025-10-27,Mon,regular,,,True
2025-10-28,Tue,regular,,,True
2025-10-29,Wed,regular,,,True
2025-10-30,Thu,regular,,,True
2025-10-31,Fri,regular,,,True
2025-11-01,Sat,saturday,,,False
2025-11-02,Sun,sunday,,,True
2025-11-03,Mon,regular,,,True
2025-11-04,Tue,regular,,,True
2025-11-05,Wed,regular,,,True
2025-11-06,Thu,regular,,,True
2025-11-07,Fri,regular,,,True
2025-11-08,Sat,saturday,,,False
2025-11-09,Sun,sunday,,,True
2025-11-10,Mon,regular,,,True
2025-11-11,Tue,regular,,,True
2025-11-12,Wed,regular,,,True
2025-11-13,Thu,regular,,,True
2025-11-14,Fri,regular,,,True
2025-11-15,Sat,saturday,,,False
2025-11-16,Sun,sunday,,,True
2025-11-17,Mon,regular,,,True
2025-11-18,Tue,regular,,,True
2025-11-19,Wed,regular,,,True
2025-11-20,Thu,regular,,,True
2025-11-21,Fri,regular,,,True
2025-11-22,Sat,saturday,,,False
2025-11-23,Sun,sunday,,,True
2025-11-24,Mon,regular,,,True
2025-11-25,Tue,regular,,,True
2025-11-26,Wed,regular,,,True
2025-11-27,Thu,half_day,13:00,Thanksgiving Day,True
2025-11-28,Fri,half_day,13:15,Day after Thanksgiving,True
2025-11-29,Sat,saturday,,,False
2025-11-30,Sun,sunday,,,True
2025-12-01,Mon,regular,,,True
2025-12-02,Tue,regular,,,True
2025-12-03,Wed,regular,,,True
2025-12-04,Thu,regular,,,True
2025-12-05,Fri,regular,,,True
2025-12-06,Sat,saturday,,,False
2025-12-07,Sun,sunday,,,True
2025-12-08,Mon,regular,,,True
2025-12-09,Tue,regular,,,True
2025-12-10,Wed,regular,,,True
2025-12-11,Thu,regular,,,True
2025-12-12,Fri,regular,,,True
2025-12-13,Sat,saturday,,,False
2025-12-14,Sun,sunday,,,True
2025-12-15,Mon,regular,,,True
2025-12-16,Tue,regular,,,True
2025-12-17,Wed,regular,,,True
2025-12-18,Thu,regular,,,True
2025-12-19,Fri,regular,,,True
2025-12-20,Sat,saturday,,,False
2025-12-21,Sun,sunday,,,True
2025-12-22,Mon,regular,,,True
2025-12-23,Tue,regular,,,True
2025-12-24,Wed,half_day,13:15,Christmas Eve,True
2025-12-25,Thu,holiday_full_close,,Christmas Day,True
2025-12-26,Fri,regular,,,True
2025-12-27,Sat,saturday,,,False
2025-12-28,Sun,sunday,,,True
2025-12-29,Mon,regular,,,True
2025-12-30,Tue,regular,,,True
2025-12-31,Wed,regular,,,True
